Date,Revenue_LKR,Active_Customers
2018-01-01,2131113.3990952987,8272
2018-01-02,2016356.0091610635,7084
2018-01-03,1794541.6758935286,4406
2018-01-04,2137224.1691662385,9533
2018-01-05,1986882.6527213024,9867
2018-01-06,1929884.865813506,7625
2018-01-07,,5946
2018-01-08,1925828.1766484336,9164
2018-01-09,1879644.8794624808,5349
2018-01-10,2030005.560637969,9439
2018-01-11,1980086.5474563206,5230
2018-01-12,1973345.6873269347,7508
2018-01-13,2083494.6072031297,10171
2018-01-14,1936078.1349778187,6787
2018-01-15,2074259.8071825413,6036
2018-01-16,2067778.9632844876,8275
2018-01-17,1997113.3456796203,8005
2018-01-18,2217203.9330322,8503
2018-01-19,2109333.393350674,7451
2018-01-20,2278717.337027401,7131
2018-01-21,2262703.48341708,5798
2018-01-22,1991228.8542454732,7205
2018-01-23,2007708.7246128889,7239
2018-01-24,2099431.075143759,4901
2018-01-25,2113864.225751102,8006
2018-01-26,2216852.293614293,5055
2018-01-27,2063782.8425072327,7892
2018-01-28,2202285.8795290138,6467
2018-01-29,2220223.8715608474,5444
2018-01-30,2231385.5063070036,5940
2018-01-31,2182056.796663249,5474
2018-02-01,2122553.452270646,4970
2018-02-02,2256368.9640787416,9084
2018-02-03,2240078.7459848984,7039
2018-02-04,2200409.211778171,9758
2018-02-05,2198633.760074032,4576
2018-02-06,2191154.0750124557,6636
2018-02-07,2180871.0314409076,5658
2018-02-08,2227363.74728652,9690
2018-02-09,2088856.1982966794,5914
2018-02-10,2421405.7493562764,11396
2018-02-11,2111360.8118539653,7921
2018-02-12,2187086.92008961,4866
2018-02-13,2121751.021278096,5366
2018-02-14,2000068.4800709835,6412
2018-02-15,2113496.5686308686,7398
2018-02-16,2241122.4897843325,9331
2018-02-17,2163479.57989221,6866
2018-02-18,2071451.6892482897,8464
2018-02-19,2013766.1165347025,5279
2018-02-20,2202397.1391687975,9548
2018-02-21,2429207.7813022565,11033
2018-02-22,2329109.39026486,7186
2018-02-23,2119671.1160769323,7662
2018-02-24,2132219.8551859595,9023
2018-02-25,2131515.418193647,7406
2018-02-26,2246960.4828086575,9057
2018-02-27,2259302.444488588,5458
2018-02-28,2375397.4867737717,8857
2018-03-01,2261464.358298637,4660
2018-03-02,2275023.038168582,4971
2018-03-03,2091650.450735384,8038
2018-03-04,2171765.0233130343,9915
2018-03-05,2262125.464483688,8776
2018-03-06,2107469.859599529,7451
2018-03-07,2379846.2416735813,10479
2018-03-08,2255490.3327159723,4517
2018-03-09,2222259.423436332,10714
2018-03-10,2236593.9053082033,9670
2018-03-11,2090923.7124023049,7632
2018-03-12,2076754.8946984902,8333
2018-03-13,2376762.9809019435,5295
2018-03-14,2227926.5149945877,10612
2018-03-15,2344441.0029754625,4739
2018-03-16,2382720.3555274974,11650
2018-03-17,2250287.4664290817,6293
2018-03-18,2464422.8697378123,5200
2018-03-19,2062150.586259737,8725
2018-03-20,2346603.0275718737,8507
2018-03-21,2416726.8353566085,8326
2018-03-22,2131992.679448699,5785
2018-03-23,2457928.915491433,11695
2018-03-24,2371859.8190633096,7307
2018-03-25,2501945.3577254876,10140
2018-03-26,2352525.4239691473,5421
2018-03-27,2336503.9882862493,9973
2018-03-28,2327484.321633683,7712
2018-03-29,2204828.466480759,6297
2018-03-30,2142204.4723749505,9667
2018-03-31,2291638.31402563,5088
2018-04-01,2213459.1729090274,8926
2018-04-02,2280221.5974935433,5964
2018-04-03,2353972.819953408,7073
2018-04-04,2241079.4733588565,7763
2018-04-05,2254750.885377033,10188
2018-04-06,2378712.0776689793,6587
2018-04-07,2560407.245539648,10897
2018-04-08,2135671.6588770403,9083
2018-04-09,2264593.7339921324,11250
2018-04-10,2207912.4218896786,9024
2018-04-11,2188425.086690921,5020
2018-04-12,2175886.088137763,4954
2018-04-13,2268300.3206841815,4725
2018-04-14,2253346.50949706,11175
2018-04-15,2236588.1690913267,9208
2018-04-16,2455268.923968279,5088
2018-04-17,2310510.590045181,8103
2018-04-18,2383655.2622411232,5900
2018-04-19,2224380.201027095,5281
2018-04-20,2108236.611514141,5960
2018-04-21,2198614.9402303146,6021
2018-04-22,2207006.0918871923,6751
2018-04-23,2145704.1197722866,4826
2018-04-24,2241429.7267600894,7314
2018-04-25,2327963.568494983,9371
2018-04-26,2478172.4938357268,10146
2018-04-27,2195184.11623026,10330
2018-04-28,2362753.23721865,4933
2018-04-29,,9660
2018-04-30,2253073.846976337,6637
2018-05-01,2183495.485142843,5838
2018-05-02,2263290.582619053,7830
2018-05-03,2325281.4819966084,8331
2018-05-04,2170807.117505186,6010
2018-05-05,2356282.231593229,10803
2018-05-06,2278663.3960081874,5959
2018-05-07,2186495.0780599974,9530
2018-05-08,2219026.0791162453,4912
2018-05-09,2275519.5058492403,9251
2018-05-10,2113164.023150324,5003
2018-05-11,2197664.4773499737,5471
2018-05-12,2156971.130621137,8658
2018-05-13,2174855.1451637913,5029
2018-05-14,2208681.674270976,8829
2018-05-15,2130177.9296468883,5243
2018-05-16,2159237.395523515,5238
2018-05-17,2341808.9036382386,6712
2018-05-18,2298246.9774836632,6629
2018-05-19,2144317.745167003,6852
2018-05-20,2150753.644378309,6280
2018-05-21,2191423.3454924445,9723
2018-05-22,2315081.4125580466,9903
2018-05-23,2182778.3741591233,10204
2018-05-24,2199574.287028228,5531
2018-05-25,2213600.0716982083,7044
2018-05-26,2308672.599756978,4631
2018-05-27,1977922.5905446517,4449
2018-05-28,2030693.4199555158,4811
2018-05-29,2093760.1331530642,6648
2018-05-30,2087783.6844933238,8908
2018-05-31,2234800.8829607214,9666
2018-06-01,2136862.051474878,9757
2018-06-02,2073802.4763590465,5452
2018-06-03,2140715.5207369397,8601
2018-06-04,2058902.7021683238,5411
2018-06-05,2264039.347234225,8176
2018-06-06,1993158.2818859622,4551
2018-06-07,2170066.0013149334,8270
2018-06-08,2144927.3575007007,5491
2018-06-09,2163864.3017287618,10292
2018-06-10,2152293.131915155,8999
2018-06-11,2157323.288251237,10013
2018-06-12,2105517.8939035684,4850
2018-06-13,2041921.163003414,8011
2018-06-14,2047719.6505878414,8766
2018-06-15,2079706.9336786733,9111
2018-06-16,2141783.4508488155,7063
2018-06-17,2265639.8671326865,9759
2018-06-18,2096527.1163721753,9897
2018-06-19,2005529.3125604447,7686
2018-06-20,2154869.0175123108,4561
2018-06-21,2151326.6810104894,8857
2018-06-22,1850892.6369008883,9102
2018-06-23,1830376.6125223637,5144
2018-06-24,1828798.2142898042,5111
2018-06-25,1961683.2542275002,9497
2018-06-26,2036755.5107581976,6480
2018-06-27,1983023.5800738195,9306
2018-06-28,1952035.4973950149,8605
2018-06-29,2129064.417667117,7017
2018-06-30,1984008.6495937482,4339
2018-07-01,2219490.1510971584,8173
2018-07-02,1965496.69873551,4911
2018-07-03,1804049.4814742212,4053
2018-07-04,1913976.3823090028,8163
2018-07-05,2018444.1346726394,7128
2018-07-06,2077738.7276716842,4578
2018-07-07,1971252.4093525812,7776
2018-07-08,1962666.307907958,9014
2018-07-09,2016340.2223037188,9225
2018-07-10,1902952.7265844785,8832
2018-07-11,,6025
2018-07-12,2054111.4026669618,6243
2018-07-13,2026455.8340795883,4784
2018-07-14,2009596.399052459,7025
2018-07-15,2101534.3210561117,8588
2018-07-16,1913588.5229342312,5169
2018-07-17,1792911.7435780584,8566
2018-07-18,2023409.1928468982,4762
2018-07-19,1849096.4493355486,9016
2018-07-20,1768190.7199655876,5795
2018-07-21,1788418.6414576815,5318
2018-07-22,1819407.4160938081,6529
2018-07-23,1783662.704330245,6029
2018-07-24,1659628.5731416948,7686
2018-07-25,2002190.9970700296,6018
2018-07-26,2076155.8688368315,4518
2018-07-27,1933430.3727414631,8402
2018-07-28,1830098.2053240563,8825
2018-07-29,1910039.6429665391,9548
2018-07-30,1959736.778120812,7193
2018-07-31,1968951.2940736718,7919
2018-08-01,1831187.409196082,5057
2018-08-02,1856039.2586329174,8192
2018-08-03,1967878.2717895324,4529
2018-08-04,1891261.290358941,6353
2018-08-05,1987333.3353125586,4181
2018-08-06,1868263.5687466087,6742
2018-08-07,1723072.5518803843,6633
2018-08-08,1999653.6465266729,7170
2018-08-09,1708882.968292804,6432
2018-08-10,1876799.4960057477,8842
2018-08-11,1910048.626857223,4129
2018-08-12,1798499.360522704,6677
2018-08-13,1806717.0221690948,3768
2018-08-14,1702495.8078759708,4055
2018-08-15,1757813.9821069664,4398
2018-08-16,1732423.6853721736,4094
2018-08-17,1812129.9440020407,5886
2018-08-18,1745011.2957070395,6605
2018-08-19,1661718.7787228413,7680
2018-08-20,1737242.3510050627,5562
2018-08-21,1783092.95131404,5118
2018-08-22,1786584.8815897591,3996
2018-08-23,1773126.4742875951,7809
2018-08-24,1805365.746503498,8452
2018-08-25,1592012.4152369543,3493
2018-08-26,1438118.4336884408,4075
2018-08-27,1683870.543069527,5879
2018-08-28,1805609.910743732,5456
2018-08-29,1924798.4682269827,6182
2018-08-30,1639533.7021904122,7224
2018-08-31,1758997.706356484,4683
2018-09-01,1680029.138092965,3847
2018-09-02,1685029.6778166704,3574
2018-09-03,1752298.759724142,6415
2018-09-04,1610079.1282710577,7497
2018-09-05,1808971.7905123197,4700
2018-09-06,1823180.684936251,4538
2018-09-07,1794739.855355795,6046
2018-09-08,1902662.031138591,7255
2018-09-09,1540204.9586210377,7478
2018-09-10,1762338.7879075666,5282
2018-09-11,1764018.3849034568,5300
2018-09-12,1702452.1266945323,8140
2018-09-13,1741964.894285358,7866
2018-09-14,1875955.578238436,3753
2018-09-15,1642622.102270614,6609
2018-09-16,1677286.4018190217,5164
2018-09-17,1741363.5204522274,6045
2018-09-18,1689147.261958268,5422
2018-09-19,1656656.524950405,4776
2018-09-20,1583877.1644994516,6929
2018-09-21,1776608.3563640367,7514
2018-09-22,1752534.1465768314,6322
2018-09-23,1661427.2874957004,4368
2018-09-24,1626558.8549440762,4711
2018-09-25,1766350.4907983611,5723
2018-09-26,1595298.4886022096,4031
2018-09-27,1580096.9382414862,7568
2018-09-28,1657030.957541215,5282
2018-09-29,1537366.7658941115,4698
2018-09-30,1726798.1894605362,8341
2018-10-01,1663199.541800466,7944
2018-10-02,1969855.909274755,8528
2018-10-03,1694619.6044496195,5042
2018-10-04,1633228.5411905306,8030
2018-10-05,1674000.6816235075,4174
2018-10-06,1638437.6146860148,3627
2018-10-07,1934301.4370200436,8037
2018-10-08,1823977.914803234,8210
2018-10-09,1803999.5405230161,3688
2018-10-10,1844337.2178249166,4628
2018-10-11,1874713.9781154278,6656
2018-10-12,1687958.7055180927,7711
2018-10-13,1798276.5535695772,7145
2018-10-14,1615534.7983649278,4105
2018-10-15,1826843.9760407838,7408
2018-10-16,1611433.8791312824,4216
2018-10-17,1559289.6601928372,3993
2018-10-18,1704569.9661666895,5260
2018-10-19,1713358.0509194848,3914
2018-10-20,1750724.6056283095,4540
2018-10-21,1648345.1615881638,4827
2018-10-22,1690375.2788997379,4208
2018-10-23,1957847.2741666231,4061
2018-10-24,1708215.4784472939,8450
2018-10-25,1872669.6035187969,7688
2018-10-26,1717468.2103896139,7786
2018-10-27,1617374.6335888056,5807
2018-10-28,1686237.7275887604,5496
2018-10-29,1673718.1520439775,6635
2018-10-30,1834383.17193047,4862
2018-10-31,1833437.6941013248,7595
2018-11-01,1755682.0645102186,6138
2018-11-02,1856977.2788643753,7814
2018-11-03,1682857.311980452,4188
2018-11-04,1651932.6851754272,7625
2018-11-05,1669966.089324984,5467
2018-11-06,1695027.5126327267,8358
2018-11-07,1778180.8639713617,7975
2018-11-08,1761113.498254326,7587
2018-11-09,1907622.5126277453,5297
2018-11-10,1599063.4020171869,3837
2018-11-11,1878217.3710416546,4678
2018-11-12,1764243.6647349354,7099
2018-11-13,1758354.3856408324,3721
2018-11-14,1725264.2778465324,5648
2018-11-15,,4676
2018-11-16,1932548.1596070444,5639
2018-11-17,1580542.063286728,5671
2018-11-18,1794523.4776845626,4571
2018-11-19,1793878.7013405906,7065
2018-11-20,1738188.0102787612,7059
2018-11-21,1825911.1941899771,9031
2018-11-22,1808962.4189603934,6759
2018-11-23,1763658.6257467053,5147
2018-11-24,1712131.7420395873,5466
2018-11-25,1833949.4885654473,4556
2018-11-26,1895671.7669080363,8680
2018-11-27,1962113.228817281,6927
2018-11-28,1812850.636573374,8311
2018-11-29,1963619.4996981863,6025
2018-11-30,2097682.685836643,7009
2018-12-01,1702911.0264437224,7126
2018-12-02,2085948.8898235322,9525
2018-12-03,1732603.4735377373,6359
2018-12-04,1925582.314163748,6828
2018-12-05,1665245.2429240022,7423
2018-12-06,1889454.717994939,4962
2018-12-07,1807923.2997604853,6621
2018-12-08,1795691.8778361063,7175
2018-12-09,1819651.8516619513,5583
2018-12-10,1790186.2912015312,4778
2018-12-11,1765839.7119323,5721
2018-12-12,2022720.4328666206,5409
2018-12-13,1964386.750153469,3937
2018-12-14,,6221
2018-12-15,1868975.3719724717,5623
2018-12-16,2088154.5975760662,10434
2018-12-17,2008824.6759005683,4050
2018-12-18,2128896.741771614,8664
2018-12-19,1903535.3534850182,5947
2018-12-20,2050512.6310370166,9396
2018-12-21,1948033.539875329,7882
2018-12-22,1946509.0897697795,4206
2018-12-23,2143773.669295221,6462
2018-12-24,1847174.8808512124,7911
2018-12-25,1812630.3367655613,6330
2018-12-26,1922368.401858761,8972
2018-12-27,2088283.9658858126,5169
2018-12-28,2046441.1187092585,4654
2018-12-29,1962163.4824689925,5885
2018-12-30,1911686.4540565724,5073
2018-12-31,2062715.394019181,8100
2019-01-01,2130507.2893540463,7436
2019-01-02,1892618.1680977773,5259
2019-01-03,2188297.5055210222,8649
2019-01-04,1909704.0184497025,7340
2019-01-05,2099591.949131984,4870
2019-01-06,1997094.503849847,5735
2019-01-07,1810086.7705456985,5962
2019-01-08,2216684.5740065137,6401
2019-01-09,2043511.8715455593,6791
2019-01-10,2109057.462520827,4679
2019-01-11,2171904.640840475,8505
2019-01-12,2073726.6509970382,5859
2019-01-13,2120906.1817198475,8794
2019-01-14,1982828.0602663658,4865
2019-01-15,1951092.4664267034,9162
2019-01-16,2018057.9708568673,6883
2019-01-17,2058545.3747351493,8474
2019-01-18,2109983.1092537167,6089
2019-01-19,2302667.953996961,9940
2019-01-20,2130589.187679712,8935
2019-01-21,2210572.1621338995,9080
2019-01-22,2294040.5346329203,10511
2019-01-23,2112490.3217166923,4598
2019-01-24,2110767.694600659,7624
2019-01-25,2080672.0989331882,9877
2019-01-26,2243488.616263206,9416
2019-01-27,2192078.12703497,5989
2019-01-28,1950086.7761670137,8199
2019-01-29,1969208.2657017417,5780
2019-01-30,2307851.4964635973,11139
2019-01-31,2226676.2030413365,6417
2019-02-01,1959857.6589838117,5241
2019-02-02,2346718.790601237,6728
2019-02-03,2122010.3569344403,6266
2019-02-04,2274689.131551471,4813
2019-02-05,2121460.039059237,6848
2019-02-06,2231638.0433872724,10757
2019-02-07,2225654.604983027,6491
2019-02-08,2113136.977909558,7273
2019-02-09,2197421.969591236,4478
2019-02-10,2178560.6562555465,6379
2019-02-11,2249280.2300679153,10283
2019-02-12,2282858.4932987653,10880
2019-02-13,2205025.4665114335,9832
2019-02-14,2123304.3197342586,10025
2019-02-15,2065673.9999380084,7319
2019-02-16,2213226.139276095,7480
2019-02-17,2256169.4691889756,7085
2019-02-18,2181287.900866319,9857
2019-02-19,2215631.4863093067,5672
2019-02-20,2290091.137810639,7030
2019-02-21,2249959.3190601934,7971
2019-02-22,2249706.812274507,5521
2019-02-23,2320155.8907863004,10472
2019-02-24,2193280.2824528916,4798
2019-02-25,2428211.0663761436,6783
2019-02-26,2211314.926955379,5701
2019-02-27,2301655.9297855548,9237
2019-02-28,2222581.429546176,7242
2019-03-01,2232378.298079968,5887
2019-03-02,2399811.5627569077,9677
2019-03-03,2263890.8900306243,9156
2019-03-04,2175620.2936167647,6727
2019-03-05,2339999.361022623,5362
2019-03-06,2158555.852282893,8854
2019-03-07,2140055.2335962197,5729
2019-03-08,2320251.5306037194,9033
2019-03-09,2643285.558450984,7947
2019-03-10,2269439.7699010293,8179
2019-03-11,2419662.7652596133,11396
2019-03-12,2328882.2368387445,6798
2019-03-13,2348848.6132050017,10633
2019-03-14,2311231.0124700554,7199
2019-03-15,2097611.023654802,9893
2019-03-16,2153740.431629619,10323
2019-03-17,2140647.322704572,4295
2019-03-18,2219928.9585182006,6328
2019-03-19,2407001.4319224404,7070
2019-03-20,2297695.287086581,7248
2019-03-21,2204075.5044620596,6426
2019-03-22,2259438.2738500643,9131
2019-03-23,2233198.517658912,6384
2019-03-24,2469175.963274645,7561
2019-03-25,2331859.6988483784,10209
2019-03-26,2228677.2097603213,10864
2019-03-27,2186463.843535319,5122
2019-03-28,2420921.2977157533,8557
2019-03-29,2323245.879351345,9934
2019-03-30,2486381.799313316,9527
2019-03-31,2395540.430963011,9858
2019-04-01,2240099.3200275246,6959
2019-04-02,2386465.366376953,11043
2019-04-03,2374683.3998123184,5952
2019-04-04,2361072.8673995235,5329
2019-04-05,2194645.199258646,10111
2019-04-06,2212841.1262663696,5304
2019-04-07,2259774.483170358,10346
2019-04-08,2261708.19866237,6226
2019-04-09,2340465.2289771433,9504
2019-04-10,2437192.5888817087,9134
2019-04-11,2391749.5133202453,11612
2019-04-12,4007117.4590611793,11429
2019-04-13,2290957.330197291,10782
2019-04-14,2377514.394828596,7339
2019-04-15,2337470.954766563,8592
2019-04-16,2329155.7632230017,10599
2019-04-17,2349950.1206992236,7059
2019-04-18,2292378.945943654,4700
2019-04-19,2410435.280407397,8972
2019-04-20,2314255.7315186555,8795
2019-04-21,2378299.104294331,10599
2019-04-22,2231135.3175604707,10109
2019-04-23,2262659.5470716227,9351
2019-04-24,2201083.281400293,8640
2019-04-25,2376207.0678071463,6643
2019-04-26,2261551.7070952286,11111
2019-04-27,2248887.504695606,9845
2019-04-28,,8351
2019-04-29,2271931.1793479803,8780
2019-04-30,2361227.2896547937,8737
2019-05-01,2198538.0281013884,5377
2019-05-02,2318679.2117474023,4921
2019-05-03,2076186.5940176426,5501
2019-05-04,2284918.260918644,6694
2019-05-05,2164001.710487234,7400
2019-05-06,2408450.282543177,10458
2019-05-07,2265856.1477537435,10452
2019-05-08,2252435.040011791,9183
2019-05-09,2033711.1059667596,5464
2019-05-10,2062660.9457874927,8399
2019-05-11,2186060.2372769113,8127
2019-05-12,2203304.880249246,5690
2019-05-13,2224223.2258383543,9313
2019-05-14,2131081.464524669,6782
2019-05-15,2338969.8937628604,8572
2019-05-16,2362376.4823512146,5622
2019-05-17,2280106.502481018,5247
2019-05-18,2277947.2287580003,7230
2019-05-19,2361724.7355929837,9053
2019-05-20,2272844.567227262,4955
2019-05-21,2102572.352691077,7720
2019-05-22,2118559.9801590643,7393
2019-05-23,2210760.083203969,4914
2019-05-24,2134726.7887167796,5461
2019-05-25,2259376.841657505,10610
2019-05-26,2297348.0405256986,8774
2019-05-27,2042830.1137880008,6977
2019-05-28,2013486.1290491035,7101
2019-05-29,2119174.990420312,8471
2019-05-30,2239050.787534053,6687
2019-05-31,2110808.491561919,8123
2019-06-01,2214271.411917016,5501
2019-06-02,2099781.9783435096,8014
2019-06-03,2033512.7470560088,4899
2019-06-04,2129451.6753769587,6468
2019-06-05,2266574.1872223513,8836
2019-06-06,2234674.3074135166,7261
2019-06-07,2182151.4867376224,7839
2019-06-08,2066822.570893091,6996
2019-06-09,2192332.6592253414,5536
2019-06-10,2032517.5249376835,8134
2019-06-11,2275427.661247687,8879
2019-06-12,2187902.7553447033,5078
2019-06-13,2093178.6578815896,5770
2019-06-14,2247595.6439224663,5581
2019-06-15,2243750.325252274,9837
2019-06-16,2201235.1198144066,6030
2019-06-17,2097394.2032125806,8385
2019-06-18,2286471.2324462584,7652
2019-06-19,2085615.9840138596,9389
2019-06-20,2097226.9423099207,4886
2019-06-21,2301781.20222574,8811
2019-06-22,2060469.678196888,5626
2019-06-23,2209998.0963788647,8579
2019-06-24,2188212.0890383963,5041
2019-06-25,2117878.9395311903,8034
2019-06-26,2015085.2781824993,5083
2019-06-27,2054005.3561095924,6355
2019-06-28,1905393.866499145,6100
2019-06-29,2017005.6099562473,7139
2019-06-30,2098590.207392957,5978
2019-07-01,2217373.9076995957,8264
2019-07-02,1930614.6416316598,8720
2019-07-03,2182038.0496851765,5882
2019-07-04,1926015.072959446,9502
2019-07-05,1922865.2381270991,8447
2019-07-06,1832611.8541356178,8995
2019-07-07,1883438.658360668,5156
2019-07-08,1924619.4898103205,8922
2019-07-09,2057242.0515768568,7798
2019-07-10,2041973.283463625,8475
2019-07-11,1999731.6584951614,8887
2019-07-12,1946983.7483402097,8766
2019-07-13,1915569.9202816458,5869
2019-07-14,1952518.226982366,8180
2019-07-15,1879266.8913775166,9180
2019-07-16,1815122.9980154652,8210
2019-07-17,1939299.595641523,3903
2019-07-18,1745103.5270189822,4917
2019-07-19,1917444.7984133125,4337
2019-07-20,1971809.915776949,6878
2019-07-21,2064673.1218183597,9080
2019-07-22,1846116.1272363658,5540
2019-07-23,1987843.678609417,7299
2019-07-24,1960350.731991353,6055
2019-07-25,2012034.999676004,9376
2019-07-26,1826988.5999703533,6968
2019-07-27,1859529.8223439634,6156
2019-07-28,1866008.509460276,6725
2019-07-29,3605447.3400625857,8482
2019-07-30,1829406.9662817642,6657
2019-07-31,1994464.894451436,6809
2019-08-01,1872303.8689949303,5576
2019-08-02,1888468.8320718517,4349
2019-08-03,1907636.2758633264,9035
2019-08-04,1896878.1111369168,4852
2019-08-05,1675341.9355571785,7016
2019-08-06,1820590.5510729975,4131
2019-08-07,1753875.7286801934,7762
2019-08-08,1872503.4868694604,8636
2019-08-09,1856323.0182991782,4720
2019-08-10,1820031.394325476,4175
2019-08-11,1863653.6416199734,4678
2019-08-12,1840211.4391862224,7872
2019-08-13,1848307.4015973532,4770
2019-08-14,1955637.1313175578,7418
2019-08-15,1594944.0417072345,4665
2019-08-16,1915754.4462133779,8550
2019-08-17,1821210.996856678,3871
2019-08-18,1779866.761251928,8675
2019-08-19,1804983.0139520704,8597
2019-08-20,1752099.21761162,5996
2019-08-21,1850704.7614643986,8048
2019-08-22,1814966.4611539324,7740
2019-08-23,1792515.4499994996,4142
2019-08-24,1730291.3361643618,4329
2019-08-25,1759830.2378229327,8221
2019-08-26,1631024.123425627,5470
2019-08-27,1877999.224863804,4895
2019-08-28,1890196.0608630008,8378
2019-08-29,1824837.547552813,6777
2019-08-30,1794558.4177577454,4199
2019-08-31,1785098.6890818886,4001
2019-09-01,1728647.7871420605,7846
2019-09-02,1807732.253154636,8318
2019-09-03,1725546.1846047572,6472
2019-09-04,1800342.76336433,7779
2019-09-05,1861310.9808916117,8567
2019-09-06,1842055.6431122231,3850
2019-09-07,1755300.922989042,4984
2019-09-08,1715693.742272326,4349
2019-09-09,1694942.6375682533,4595
2019-09-10,1816152.8102741241,6858
2019-09-11,1656363.485626354,4212
2019-09-12,1623036.032836638,3885
2019-09-13,1772125.2621868316,6052
2019-09-14,1461572.5153443378,5792
2019-09-15,1572705.7528144983,6034
2019-09-16,1941309.6182493505,8878
2019-09-17,1650669.32672167,6460
2019-09-18,1774320.7445792074,6249
2019-09-19,1738127.2659226176,5949
2019-09-20,1909876.4614628921,3898
2019-09-21,1824983.9493352508,6593
2019-09-22,1599258.3364587897,6768
2019-09-23,1621388.599252866,5015
2019-09-24,1839758.9836512334,8430
2019-09-25,1769770.5347842476,6595
2019-09-26,1755740.3456149565,7753
2019-09-27,1822626.9997792519,6000
2019-09-28,1596141.6735965903,3810
2019-09-29,1633739.1679214041,7140
2019-09-30,1764595.6822328204,5559
2019-10-01,2112609.713724888,6538
2019-10-02,1605308.8734273866,5047
2019-10-03,1754954.9030559538,7221
2019-10-04,1561154.6177733408,5561
2019-10-05,1688644.9782097042,6371
2019-10-06,1644169.8049148936,7841
2019-10-07,1639342.3159221294,4708
2019-10-08,1696025.0932719351,4691
2019-10-09,1739120.867955129,8029
2019-10-10,1702042.3987727985,7132
2019-10-11,1905016.000595919,9010
2019-10-12,1642751.0864603461,8111
2019-10-13,1691320.8134213868,7037
2019-10-14,1679614.7724184562,4175
2019-10-15,1736118.704871284,4436
2019-10-16,1772971.726249979,4669
2019-10-17,1795577.0201954846,5458
2019-10-18,1794196.388232478,6401
2019-10-19,1892185.0810626529,7159
2019-10-20,1847940.9330913243,6452
2019-10-21,1818304.2277627133,7906
2019-10-22,1707185.4241157568,5533
2019-10-23,1850717.7850030635,4966
2019-10-24,1788273.556601751,7996
2019-10-25,1823838.7790993245,3740
2019-10-26,1671039.0469917026,4600
2019-10-27,1652143.8245801572,4395
2019-10-28,1886671.1319973685,4311
2019-10-29,1905490.582438998,7090
2019-10-30,1776501.9525373864,4806
2019-10-31,1727779.0119593518,3710
2019-11-01,1682189.5290013368,3668
2019-11-02,1818324.453279963,5736
2019-11-03,1753967.611742159,8045
2019-11-04,1816657.7157306105,4404
2019-11-05,1655148.810047028,4217
2019-11-06,1743941.024528261,6586
2019-11-07,1734134.8843435922,6606
2019-11-08,1661171.7939445076,4035
2019-11-09,1792948.7404616815,4147
2019-11-10,1766363.4245291422,3721
2019-11-11,1902532.8574133692,4884
2019-11-12,1931395.4127634643,8622
2019-11-13,1523513.0239554802,5010
2019-11-14,1920738.0325229766,9396
2019-11-15,1859978.3529366548,6985
2019-11-16,1873910.698386791,4007
2019-11-17,1929231.5664983892,9109
2019-11-18,1881378.858833388,7438
2019-11-19,1812511.7748986515,4464
2019-11-20,1899923.1415190347,6589
2019-11-21,1914628.2017840424,6294
2019-11-22,1808804.0373625814,8839
2019-11-23,1866517.2940526404,4965
2019-11-24,2034402.03827215,7736
2019-11-25,1883065.1442300554,6744
2019-11-26,1858811.1645685101,4398
2019-11-27,1811394.2765412761,6382
2019-11-28,1743533.6528583374,5141
2019-11-29,1624635.0930510575,6681
2019-11-30,1705686.7223777855,8475
2019-12-01,1926029.1012112868,7037
2019-12-02,1934960.8496435294,9007
2019-12-03,1927816.6147972776,8222
2019-12-04,2118750.7189892624,6021
2019-12-05,1685756.9361134414,8388
2019-12-06,2069098.1737878937,10018
2019-12-07,2071162.1072289872,9883
2019-12-08,2044598.7743639126,10202
2019-12-09,1991278.317317719,9080
2019-12-10,1677533.949748504,4230
2019-12-11,1810061.5856193292,5759
2019-12-12,1868611.8918726817,4626
2019-12-13,2024569.8943710176,9084
2019-12-14,2022965.6922352184,7496
2019-12-15,2086744.4929191233,8682
2019-12-16,1945534.7056735486,4476
2019-12-17,2004927.5473915476,6307
2019-12-18,1782370.0049859183,4130
2019-12-19,2005059.4834061442,4144
2019-12-20,1935654.6094677714,6846
2019-12-21,2041481.186068714,7381
2019-12-22,2013835.29660951,4145
2019-12-23,2083461.9418911394,8974
2019-12-24,1957122.37309085,8879
2019-12-25,2026772.2266761193,10075
2019-12-26,1854249.9229902688,8193
2019-12-27,2018376.9786052206,9826
2019-12-28,2018745.8729024816,8770
2019-12-29,2039589.218645966,5519
2019-12-30,2105453.735881077,8370
2019-12-31,1979854.1893089765,8229
2020-01-01,2026672.5561436042,5473
2020-01-02,1922247.968747341,7011
2020-01-03,1961140.994911013,4937
2020-01-04,1896861.0893807083,8785
2020-01-05,1949643.9022646337,9397
2020-01-06,2001447.3596922462,7408
2020-01-07,2229331.640432467,8994
2020-01-08,1971964.2283837292,6616
2020-01-09,2070767.2611825634,9541
2020-01-10,1853264.8740843032,4124
2020-01-11,2051889.0436491752,5715
2020-01-12,2054051.7119545166,8875
2020-01-13,2007734.3432553303,5012
2020-01-14,2042746.9115984074,5422
2020-01-15,,6796
2020-01-16,2089391.143517628,4849
2020-01-17,2061618.8141538154,8595
2020-01-18,1880529.7416472826,4853
2020-01-19,2102714.870487366,9671
2020-01-20,4564718.471256909,21812
2020-01-21,2190441.21101265,8131
2020-01-22,2134067.8217647984,10596
2020-01-23,2216690.8690289077,10857
2020-01-24,2065501.8003845722,10154
2020-01-25,1996389.4280563497,5976
2020-01-26,2110442.03551503,5134
2020-01-27,2172132.7713600458,9551
2020-01-28,2133618.975662483,7931
2020-01-29,2234577.182079471,4630
2020-01-30,2190378.8338980456,9660
2020-01-31,2131048.516190518,8955
2020-02-01,2279832.965940195,7561
2020-02-02,2131762.226158362,4418
2020-02-03,2134513.582357249,4631
2020-02-04,2274786.8913524337,7165
2020-02-05,2256552.117786068,5392
2020-02-06,2236099.4492415152,7198
2020-02-07,2148781.4658918073,5930
2020-02-08,2177968.250313428,8878
2020-02-09,2248314.4449726767,6542
2020-02-10,2161926.6300849565,7589
2020-02-11,2315003.1994771636,8009
2020-02-12,2455003.078186649,10586
2020-02-13,2383090.4810166755,6197
2020-02-14,2242962.858316191,5586
2020-02-15,2208597.6378482208,7107
2020-02-16,2221885.768257348,5918
2020-02-17,2331064.169887499,4949
2020-02-18,2390147.4002298606,8043
2020-02-19,2233094.9244035757,7742
2020-02-20,2441485.9675585153,11027
2020-02-21,2182551.1728632627,9581
2020-02-22,2279087.3476852756,7172
2020-02-23,2350130.8960388075,6702
2020-02-24,2168364.6475572516,9493
2020-02-25,2331875.8007087894,7852
2020-02-26,2363034.9297642307,9862
2020-02-27,2102470.804001658,7394
2020-02-28,2329032.7167272796,9122
2020-02-29,,11263
2020-03-01,1160123.6078388174,4412
2020-03-02,1346030.1020420408,4056
2020-03-03,1081589.642667181,2232
2020-03-04,,2772
2020-03-05,1423739.8570081806,5856
2020-03-06,1457626.256649036,5499
2020-03-07,1124877.7615913986,2935
2020-03-08,1320370.698320799,3587
2020-03-09,1225422.9585174057,3214
2020-03-10,1272022.4171833033,2620
2020-03-11,1395714.5702911047,6242
2020-03-12,1295025.334823865,3986
2020-03-13,1231465.268626295,4221
2020-03-14,1281067.6175386016,5790
2020-03-15,1145631.9574482138,4615
2020-03-16,1323577.6611332176,4075
2020-03-17,1263372.2048156215,3562
2020-03-18,1301846.8122233334,6442
2020-03-19,1527793.467627828,3307
2020-03-20,1432371.5339050055,6083
2020-03-21,1146639.1410984457,2982
2020-03-22,1513307.1610814966,5454
2020-03-23,1653452.6885238108,4461
2020-03-24,1465969.1869058558,3383
2020-03-25,1116893.2441605958,5145
2020-03-26,1267431.467045437,4936
2020-03-27,1335678.2528637033,4332
2020-03-28,1344034.363803341,4281
2020-03-29,1448172.921545452,4813
2020-03-30,1362910.8101463304,3223
2020-03-31,1381927.939508649,3362
2020-04-01,1346732.919004636,4636
2020-04-02,1260081.8842134578,6224
2020-04-03,1372862.0847770371,3657
2020-04-04,1203564.0516299787,5883
2020-04-05,1315064.9320950755,3445
2020-04-06,1452368.6839610264,6326
2020-04-07,1174870.1337927864,4298
2020-04-08,1337586.0937730446,6624
2020-04-09,1374729.230126286,5110
2020-04-10,1329512.114431939,3859
2020-04-11,1360409.603032115,5102
2020-04-12,1370774.1298021674,6593
2020-04-13,2519598.907112751,5159
2020-04-14,1302989.7112276056,4218
2020-04-15,1413097.907480753,6718
2020-04-16,1414056.2571178474,6593
2020-04-17,1281970.0517077064,5081
2020-04-18,1210046.6644364,5791
2020-04-19,1374082.3105256818,3131
2020-04-20,1407917.3214618885,5226
2020-04-21,1373888.7026084499,2842
2020-04-22,1469323.0415917654,5614
2020-04-23,1387756.5316854757,5411
2020-04-24,1353410.0591945755,5852
2020-04-25,1328206.1663528145,5463
2020-04-26,1396817.9160768576,4896
2020-04-27,1456212.8812887399,2956
2020-04-28,1339867.5200280962,4378
2020-04-29,1246936.593291332,5402
2020-04-30,1132152.2703042165,3912
2020-05-01,1237999.464606828,4502
2020-05-02,1314828.205583449,6527
2020-05-03,1106938.0378919016,3866
2020-05-04,1281595.5845755977,3858
2020-05-05,1277166.9979947098,3001
2020-05-06,1262554.2554440633,5872
2020-05-07,1209160.070434663,3316
2020-05-08,1453196.855624516,5398
2020-05-09,1341565.4185555875,5863
2020-05-10,1327662.8552489616,5714
2020-05-11,1253046.2762777675,5958
2020-05-12,1889294.0102273514,6839
2020-05-13,1253128.568705454,5576
2020-05-14,1359564.151765454,6638
2020-05-15,1136325.6052420838,3132
2020-05-16,1264517.2166124675,5083
2020-05-17,1215618.2312670853,5709
2020-05-18,1220556.9484207793,5329
2020-05-19,1260615.844004857,3689
2020-05-20,1235770.7944451943,6074
2020-05-21,1273745.9005390452,4526
2020-05-22,1317618.2136405366,6380
2020-05-23,1140423.5412939545,5661
2020-05-24,1277941.0493425936,3733
2020-05-25,1294965.367174876,2876
2020-05-26,1282511.6563285794,3107
2020-05-27,1284062.573392475,6179
2020-05-28,1239898.31546294,3724
2020-05-29,1333803.2945339638,3032
2020-05-30,1144831.82435052,5289
2020-05-31,1111155.3001517332,2528
2020-06-01,1031933.1767485419,4066
2020-06-02,1185169.7616987228,2859
2020-06-03,,5445
2020-06-04,1183410.9176102197,5633
2020-06-05,1201948.7201511678,2601
2020-06-06,1333312.0549383601,5125
2020-06-07,1284315.0798096582,4458
2020-06-08,1269027.5499356552,3519
2020-06-09,1125155.0572894155,3924
2020-06-10,,6092
2020-06-11,1166947.5425144574,4128
2020-06-12,1158849.794434438,2480
2020-06-13,1169125.5940365405,3899
2020-06-14,1088405.5200489673,2423
2020-06-15,1301975.0257874308,3018
2020-06-16,1203731.9818571773,5758
2020-06-17,1008256.48257738,4838
2020-06-18,1282506.7563149906,6258
2020-06-19,1016285.6056117006,3773
2020-06-20,936666.6120628708,3617
2020-06-21,1056269.1374545349,3715
2020-06-22,1018761.1509259529,3851
2020-06-23,,4365
2020-06-24,1149516.2196794096,3358
2020-06-25,1123157.300285691,2317
2020-06-26,1010567.2977876908,2298
2020-06-27,994486.4711973546,3443
2020-06-28,878690.9319194152,4127
2020-06-29,955464.202988252,2818
2020-06-30,1032236.6385341322,4541
2020-07-01,1118870.2307422562,2498
2020-07-02,985735.1859568642,2964
2020-07-03,1024662.5067223383,2426
2020-07-04,979365.9667729384,3282
2020-07-05,1008298.0815479846,2971
2020-07-06,1008974.9843769725,3163
2020-07-07,1007332.782142716,2188
2020-07-08,915483.4829197184,2142
2020-07-09,1147422.8558799531,5264
2020-07-10,978475.80666974,4561
2020-07-11,1059571.0770428427,2779
2020-07-12,864955.2769153081,3767
2020-07-13,912259.7422317264,4028
2020-07-14,1025126.6173892862,4987
2020-07-15,847894.078187997,3668
2020-07-16,951938.7381219016,4479
2020-07-17,1040287.5129077721,3306
2020-07-18,987237.5595618621,3615
2020-07-19,1112354.1655269274,3110
2020-07-20,845511.0348559532,2221
2020-07-21,1033654.7759171845,3378
2020-07-22,861912.1348983615,1827
2020-07-23,956037.7951552544,2527
2020-07-24,871285.5479430875,3836
2020-07-25,728960.8428548619,3025
2020-07-26,962415.032152751,4774
2020-07-27,944615.6308026519,4239
2020-07-28,773569.7176755688,3474
2020-07-29,1016791.6998754505,3652
2020-07-30,710558.9090135852,2420
2020-07-31,830416.5041243543,2616
2020-08-01,1074280.1224549545,4226
2020-08-02,1020453.4846088078,4345
2020-08-03,830020.0439660132,3732
2020-08-04,947433.5186571344,3623
2020-08-05,890884.7636310274,3159
2020-08-06,746594.8402708089,2326
2020-08-07,849772.4910652372,1792
2020-08-08,821912.9335725559,3076
2020-08-09,833349.26404675,3480
2020-08-10,837540.9000490045,3300
2020-08-11,744894.4854758116,2726
2020-08-12,913882.7429636712,2072
2020-08-13,909819.7664035554,1915
2020-08-14,676400.5509178736,1972
2020-08-15,799675.2326212674,3671
2020-08-16,839906.8000505909,3105
2020-08-17,863900.5867882597,1738
2020-08-18,842023.160879398,2605
2020-08-19,673889.8617977451,2196
2020-08-20,877390.6684154309,4355
2020-08-21,629390.5702596244,3030
2020-08-22,763185.2802056884,2361
2020-08-23,916664.3156023745,3966
2020-08-24,722333.384967003,2936
2020-08-25,738147.8998046368,2979
2020-08-26,859150.0202953131,2586
2020-08-27,901440.085468566,3486
2020-08-28,868121.5997945436,4052
2020-08-29,869664.723815667,4136
2020-08-30,962931.4453636829,4422
2020-08-31,840270.6629069177,3022
2020-09-01,862724.7190123543,2525
2020-09-02,955775.9353174334,2615
2020-09-03,878540.1954066658,2872
2020-09-04,885480.4848458702,3196
2020-09-05,806407.2374523135,2613
2020-09-06,764659.5964842713,3552
2020-09-07,588812.7589425005,2828
2020-09-08,805716.4811281201,3449
2020-09-09,866583.5570644054,4094
2020-09-10,657368.1005278439,2850
2020-09-11,763200.250169355,2340
2020-09-12,651816.0336474923,1345
2020-09-13,778511.5247808883,2993
2020-09-14,642253.8710379761,3009
2020-09-15,579176.8891718695,1256
2020-09-16,643471.6423518881,1613
2020-09-17,589831.2669673157,1945
2020-09-18,796864.2174197666,2119
2020-09-19,917952.5704502147,3727
2020-09-20,731444.3314847455,1787
2020-09-21,583168.8005031548,1229
2020-09-22,692760.2518398473,2043
2020-09-23,601322.5528838336,2283
2020-09-24,754064.645370821,2315
2020-09-25,822475.9223120948,2415
2020-09-26,769037.4475246293,3825
2020-09-27,991751.56990322,3264
2020-09-28,583722.4281163642,2313
2020-09-29,692478.4860134067,3072
2020-09-30,723667.6848480015,1766
2020-10-01,812145.3698378131,2311
2020-10-02,780382.7283430025,1771
2020-10-03,661667.9080184863,1873
2020-10-04,878933.5688277907,4352
2020-10-05,776419.7368400581,3550
2020-10-06,685606.9966611066,3378
2020-10-07,782325.0800084663,3393
2020-10-08,741524.5437826575,1851
2020-10-09,714357.3481262075,1915
2020-10-10,810328.9727264694,3074
2020-10-11,831054.5559909779,2064
2020-10-12,835290.5779736936,1862
2020-10-13,729095.7795948468,1480
2020-10-14,629469.0562970722,1594
2020-10-15,764479.047790403,1878
2020-10-16,886354.0152689812,3589
2020-10-17,752766.9785357832,3735
2020-10-18,785855.6021894445,3395
2020-10-19,740236.1517938059,2278
2020-10-20,807647.6495544848,2349
2020-10-21,855148.1501830406,2073
2020-10-22,661401.9642006203,2851
2020-10-23,586612.9150907081,1331
2020-10-24,809759.4886360066,3611
2020-10-25,664766.591072781,2296
2020-10-26,904663.8573828831,2822
2020-10-27,666849.5580941958,1816
2020-10-28,793482.1755089026,2814
2020-10-29,586614.6082967874,1667
2020-10-30,870974.2877828442,1774
2020-10-31,727110.0550799547,2450
2020-11-01,795586.0029364103,3557
2020-11-02,662400.2921141507,3289
2020-11-03,704453.7062877521,2706
2020-11-04,739213.6381318273,2465
2020-11-05,939272.4143967894,4176
2020-11-06,785137.5393691384,2524
2020-11-07,842204.3623950828,3920
2020-11-08,713752.5633276973,1679
2020-11-09,747941.0853150184,3494
2020-11-10,808275.8856137383,3355
2020-11-11,872438.3310272845,3257
2020-11-12,901589.9189414112,3117
2020-11-13,720967.8999933619,1554
2020-11-14,881451.1003770393,1912
2020-11-15,823800.2504103831,2798
2020-11-16,857795.769612404,1821
2020-11-17,720278.2520160377,1811
2020-11-18,766364.3232452555,3162
2020-11-19,723999.9998011002,2486
2020-11-20,944390.5324681548,3753
2020-11-21,814879.2880988917,3362
2020-11-22,658492.7454758587,1572
2020-11-23,995998.4772538915,3720
2020-11-24,789654.7551552495,3416
2020-11-25,990706.66733451,3850
2020-11-26,753103.0064337007,1962
2020-11-27,812954.1515902604,3338
2020-11-28,929929.5248012084,2963
2020-11-29,970850.9269291591,3272
2020-11-30,785193.6829041305,1769
2020-12-01,1142197.3251346052,4602
2020-12-02,891209.2292738182,2258
2020-12-03,881035.7542817076,2841
2020-12-04,884353.6490975576,2722
2020-12-05,812130.6245429316,1834
2020-12-06,952392.1961109326,2525
2020-12-07,762280.1955070763,1740
2020-12-08,1009026.7456457848,4186
2020-12-09,924657.9542052008,3493
2020-12-10,1053059.5523440524,3271
2020-12-11,1008686.6015280534,3912
2020-12-12,912704.9951389842,3354
2020-12-13,902454.8584852272,2776
2020-12-14,1018901.6422819486,4556
2020-12-15,912122.2607434809,2672
2020-12-16,868827.6917150377,1836
2020-12-17,1109526.9363441253,4121
2020-12-18,1084316.1300780145,3693
2020-12-19,985450.2832239838,4602
2020-12-20,1021593.5224339676,4475
2020-12-21,938731.5205975072,2644
2020-12-22,1021695.3127166501,3609
2020-12-23,1133403.5217149854,4371
2020-12-24,970838.8691632538,3806
2020-12-25,1133767.5529353363,4249
2020-12-26,1118535.351652341,4383
2020-12-27,1138766.3311341754,5038
2020-12-28,1174078.439579905,4674
2020-12-29,1081021.1148634562,4219
2020-12-30,1137343.5364242438,3154
2020-12-31,1295986.8394732615,6018
2021-01-01,3580519.504560381,16577
2021-01-02,2018359.0143104915,7347
2021-01-03,2065900.35047565,7241
2021-01-04,2174001.1063225437,8570
2021-01-05,2067462.0175070227,6409
2021-01-06,1878343.528188096,8123
2021-01-07,1951713.3130162933,8711
2021-01-08,2032203.4805291002,9114
2021-01-09,2146426.176862559,5012
2021-01-10,2187444.3829827686,9226
2021-01-11,2200655.9981675385,10581
2021-01-12,1959466.2385406864,3930
2021-01-13,2169185.85540001,7116
2021-01-14,2166669.3640574967,6164
2021-01-15,2161030.0235762782,5872
2021-01-16,2161994.312176434,6561
2021-01-17,1874567.7057211387,7606
2021-01-18,2199349.469528144,10255
2021-01-19,1970078.7959993659,6656
2021-01-20,2168599.5083404286,9921
2021-01-21,2155472.6328577595,6268
2021-01-22,1972764.0234190137,4861
2021-01-23,2205431.0160997426,6781
2021-01-24,2167971.105792423,8327
2021-01-25,2312286.5681476872,7292
2021-01-26,2369016.869529084,5013
2021-01-27,2142671.098976357,6166
2021-01-28,2167147.6048895544,8705
2021-01-29,2111793.238552249,4813
2021-01-30,2366333.2137269275,4769
2021-01-31,2283387.852878296,7944
2021-02-01,2197108.84439956,7251
2021-02-02,2050122.8280797289,5470
2021-02-03,1978718.42455989,9643
2021-02-04,2279053.126774562,9517
2021-02-05,2230814.1264424506,6123
2021-02-06,2165222.8170439224,4665
2021-02-07,2219181.1478045015,9014
2021-02-08,2195898.143216995,8964
2021-02-09,2097473.550526904,10061
2021-02-10,2348470.9242833047,8667
2021-02-11,2259390.353209528,7601
2021-02-12,2173060.113127542,9570
2021-02-13,2188896.5863818293,8713
2021-02-14,2092081.1094489463,9884
2021-02-15,2412607.469851182,6387
2021-02-16,2445280.1832628264,5886
2021-02-17,2170995.664152632,5261
2021-02-18,2249499.2438224796,11153
2021-02-19,2391140.7855448322,11669
2021-02-20,2131039.313429964,4981
2021-02-21,2365874.155492852,8617
2021-02-22,2025510.9539388786,7164
2021-02-23,2463203.5690726233,11856
2021-02-24,2329671.387714662,6148
2021-02-25,2430347.157838337,9422
2021-02-26,2062438.3406845655,4877
2021-02-27,2319223.3653426394,8477
2021-02-28,2226039.2573187896,10167
2021-03-01,2392946.147659229,6554
2021-03-02,2291842.926360767,8884
2021-03-03,2174262.3437809064,8553
2021-03-04,2398177.463767677,10825
2021-03-05,2368635.4059524746,6940
2021-03-06,2241900.6339587015,8704
2021-03-07,2250222.5891919085,4935
2021-03-08,2432259.0102375518,6966
2021-03-09,2177972.348523849,5214
2021-03-10,2316573.749099,6158
2021-03-11,2307607.3555200873,5429
2021-03-12,2325910.6191997477,7150
2021-03-13,2307925.7752664033,7644
2021-03-14,2420553.7694665133,11836
2021-03-15,2406432.9660116974,9409
2021-03-16,2404155.4575578854,6135
2021-03-17,2294767.9899540152,8865
2021-03-18,2418737.9640075043,9792
2021-03-19,2464369.0388022624,11601
2021-03-20,2298002.507367887,6107
2021-03-21,2325612.0001472426,11049
2021-03-22,2491000.206496766,11644
2021-03-23,2386176.0399156706,10753
2021-03-24,2304816.2078509247,7779
2021-03-25,2333372.2139772205,9966
2021-03-26,2450053.441185455,6620
2021-03-27,2385327.0726515567,7000
2021-03-28,2201346.0930484124,7842
2021-03-29,2361932.358018755,6326
2021-03-30,2317746.4526841943,10006
2021-03-31,2242914.2456399156,7324
2021-04-01,2321005.3995780726,8348
2021-04-02,2471388.87532114,12026
2021-04-03,2242194.1271970323,8249
2021-04-04,2098777.858410096,4748
2021-04-05,2331433.465407145,10492
2021-04-06,2448300.1725332085,8639
2021-04-07,2229841.5495168497,4647
2021-04-08,2363367.353945414,6052
2021-04-09,2415828.588802315,9588
2021-04-10,2241099.643694535,6080
2021-04-11,2271534.737022183,9123
2021-04-12,2405820.2045586538,5152
2021-04-13,2564351.729130203,10049
2021-04-14,2274215.237983467,10435
2021-04-15,2320223.1906584096,7086
2021-04-16,2348147.1883560326,7996
2021-04-17,2224022.593985611,6759
2021-04-18,2408252.9790685913,9773
2021-04-19,2367859.329930585,9981
2021-04-20,2284841.821796953,10936
2021-04-21,2334862.67545161,8751
2021-04-22,2295634.0731427562,6588
2021-04-23,2229503.4071546555,9551
2021-04-24,2261024.6088901353,11043
2021-04-25,2236638.028605931,6296
2021-04-26,2476614.408685923,7246
2021-04-27,2336875.916387736,9850
2021-04-28,2229893.666584372,8624
2021-04-29,2328902.1426958935,9064
2021-04-30,2405098.0774082383,6787
2021-05-01,2222684.107169161,9543
2021-05-02,2438015.6915770746,11707
2021-05-03,2149796.8348926,6376
2021-05-04,2178686.584842735,8401
2021-05-05,2118258.88210228,8661
2021-05-06,2330219.246789474,10905
2021-05-07,2179754.2267032075,9474
2021-05-08,2393589.8646320463,4974
2021-05-09,2206323.9218239407,10825
2021-05-10,4193496.3529202053,19616
2021-05-11,2319557.3700821176,5494
2021-05-12,2382579.222487431,5799
2021-05-13,2419348.230288453,6881
2021-05-14,2326169.435096119,8347
2021-05-15,2117454.600908428,8141
2021-05-16,2279491.8677193807,6204
2021-05-17,2460246.381366409,7343
2021-05-18,2294817.5775322737,11141
2021-05-19,2305128.0195157523,6923
2021-05-20,2276608.9702687976,7637
2021-05-21,2334844.133594736,4929
2021-05-22,2225460.2730199983,6451
2021-05-23,2294180.458157103,11069
2021-05-24,2279505.3050317746,4953
2021-05-25,2095219.032138243,10417
2021-05-26,2279146.1748175523,5085
2021-05-27,2026679.889517343,9048
2021-05-28,2246380.792934402,9974
2021-05-29,2287021.4241822534,4958
2021-05-30,2243891.186249822,5721
2021-05-31,2140727.5244665635,5542
2021-06-01,2302182.6372384164,9824
2021-06-02,2233827.2728071874,10993
2021-06-03,2228091.4164221534,5210
2021-06-04,2035305.2449565055,6054
2021-06-05,2110790.4107903093,10081
2021-06-06,2138267.036978173,7632
2021-06-07,2285672.9851630307,6534
2021-06-08,2275267.7412488656,6898
2021-06-09,2128529.4057572116,6705
2021-06-10,2238668.4295523977,5234
2021-06-11,1893860.5357154848,8526
2021-06-12,2279178.8574465336,8924
2021-06-13,2193900.691635447,8159
2021-06-14,2260217.573613713,10490
2021-06-15,2197083.653408035,10910
2021-06-16,2130479.303180097,9815
2021-06-17,2267491.0375250513,9160
2021-06-18,2150042.5167513746,7780
2021-06-19,2091622.185877321,4357
2021-06-20,2035297.5249115517,5499
2021-06-21,2166409.7463381966,6210
2021-06-22,2280759.1381790754,9396
2021-06-23,2050882.4900193098,7666
2021-06-24,2080352.7466156108,7855
2021-06-25,1922602.769275564,6467
2021-06-26,2044712.8182626788,9741
2021-06-27,2186290.563430965,6721
2021-06-28,2046077.8312129488,5858
2021-06-29,1924347.764885584,4382
2021-06-30,1854219.6466970684,4338
2021-07-01,2164940.0843403987,7083
2021-07-02,1933495.422124453,4318
2021-07-03,2078392.0855770754,6355
2021-07-04,2087854.272528322,10297
2021-07-05,2006169.2945373773,4578
2021-07-06,2193595.524545624,7257
2021-07-07,1959197.7413828773,6165
2021-07-08,1945251.1287466513,5405
2021-07-09,2131436.6568829315,5205
2021-07-10,1946622.4017756025,8049
2021-07-11,2162042.9792103968,7999
2021-07-12,1809999.2266559137,5542
2021-07-13,1977832.0866825688,8740
2021-07-14,3750515.3376350654,16813
2021-07-15,1912189.121453984,8703
2021-07-16,1980158.0733127405,6088
2021-07-17,1706861.6508579096,4864
2021-07-18,2004682.4060399681,4706
2021-07-19,1892071.5725905874,4446
2021-07-20,1961358.4274841393,8529
2021-07-21,2041254.3660090528,9759
2021-07-22,2044138.1171962337,8732
2021-07-23,1912807.503438795,4217
2021-07-24,1943155.2737997044,5555
2021-07-25,1925911.0003244304,7880
2021-07-26,1944999.0796217462,5113
2021-07-27,2012654.717645562,6957
2021-07-28,1849492.21712461,6912
2021-07-29,2016133.6035128362,4177
2021-07-30,1930938.0404816887,8239
2021-07-31,1925492.1379778872,4283
2021-08-01,1783170.536936374,8733
2021-08-02,1766398.8676152895,6224
2021-08-03,2009306.289655167,5987
2021-08-04,1914130.9200032684,8155
2021-08-05,1855863.2588662193,7479
2021-08-06,1919849.2932419654,5692
2021-08-07,1832563.9031903392,7933
2021-08-08,1857251.8242423872,5105
2021-08-09,1819052.1263894616,7719
2021-08-10,1976255.0232729365,7114
2021-08-11,1808018.383304529,4575
2021-08-12,1738135.5958671335,6621
2021-08-13,2027085.0683532215,8495
2021-08-14,1772807.2232311256,7528
2021-08-15,1789639.0772416475,5433
2021-08-16,1714371.6323638675,8254
2021-08-17,1901763.4311716745,7975
2021-08-18,1797825.6915052442,7695
2021-08-19,1852106.1928911163,4588
2021-08-20,1855949.4556117547,9240
2021-08-21,1956321.5780922007,6282
2021-08-22,1905946.6542473293,8389
2021-08-23,1855241.4856606696,5081
2021-08-24,1869708.7080712635,5927
2021-08-25,1941325.9497968303,6155
2021-08-26,1726515.0995029283,6073
2021-08-27,1864598.8771034807,5681
2021-08-28,1903134.9849517487,4394
2021-08-29,2035964.2731969664,8811
2021-08-30,1757030.9889838977,7568
2021-08-31,1773226.843023616,4241
2021-09-01,1762853.6748744105,4282
2021-09-02,1923952.0183248692,4726
2021-09-03,1874705.9834557804,4789
2021-09-04,1679747.4542777748,5712
2021-09-05,1592368.0319803117,3706
2021-09-06,1918871.4067724668,5629
2021-09-07,1833456.048001786,5517
2021-09-08,1859808.2404547797,6269
2021-09-09,1705027.9515789049,3712
2021-09-10,1736438.3620570174,3501
2021-09-11,1618618.1424298272,7551
2021-09-12,1964345.475811884,5428
2021-09-13,1799299.890312512,5506
2021-09-14,1807937.1668083966,5601
2021-09-15,1782425.0350225384,7070
2021-09-16,1795111.4588698617,6173
2021-09-17,1820748.6036140558,3947
2021-09-18,1687295.2467505618,5902
2021-09-19,1901784.5073470487,5906
2021-09-20,1587775.8368652202,5729
2021-09-21,1660933.6526631808,5757
2021-09-22,1797699.4846844622,4308
2021-09-23,1824540.1591154044,5051
2021-09-24,1812018.355049548,5364
2021-09-25,1645511.322567591,3385
2021-09-26,1961394.0318042627,6988
2021-09-27,1984136.9920453073,7621
2021-09-28,1879854.0437888014,7902
2021-09-29,1737882.1366087478,7199
2021-09-30,1629231.7058254876,4444
2021-10-01,1643281.6178668768,4539
2021-10-02,1757460.8084663574,5802
2021-10-03,3201064.3080060557,11470
2021-10-04,1658304.2698652872,6500
2021-10-05,1758914.914169505,4403
2021-10-06,1801610.28892279,5685
2021-10-07,1890671.3782549715,6358
2021-10-08,1784770.8579010733,5690
2021-10-09,1728371.9659648507,7158
2021-10-10,1777306.1643587386,5063
2021-10-11,1666193.0940018615,6593
2021-10-12,1804119.1260540592,8067
2021-10-13,1810257.4817789318,4600
2021-10-14,1686501.3661787882,5373
2021-10-15,1747308.7117538943,4041
2021-10-16,1748400.4340628085,6536
2021-10-17,1626956.1676449152,7949
2021-10-18,1818028.9657608296,4652
2021-10-19,1597171.6518498403,7628
2021-10-20,1830250.4519393565,7806
2021-10-21,1816012.1602308187,3654
2021-10-22,1877122.9242529024,8424
2021-10-23,1858436.203565761,7833
2021-10-24,1575534.0975419004,7705
2021-10-25,1800533.0266237182,7220
2021-10-26,1682532.5818988043,7604
2021-10-27,1668793.1121374122,3819
2021-10-28,2034066.9593989921,8091
2021-10-29,1825439.3740974702,5527
2021-10-30,1788728.284058925,5586
2021-10-31,2005067.872402038,5211
2021-11-01,1785948.2631435883,4513
2021-11-02,1789332.194197414,6065
2021-11-03,1766733.996142428,5362
2021-11-04,1841627.3357040684,5950
2021-11-05,2093054.1589921878,6430
2021-11-06,1790254.9570326267,3776
2021-11-07,1698695.3532427629,8069
2021-11-08,1887238.270329195,7375
2021-11-09,1837316.7777820344,5539
2021-11-10,1893315.473199004,5123
2021-11-11,1834920.0672806348,7144
2021-11-12,1809997.8473929288,6156
2021-11-13,1905294.6647016266,4719
2021-11-14,1686893.4926234232,5935
2021-11-15,1709237.9062560808,3440
2021-11-16,1762627.012235205,4408
2021-11-17,2027708.6736882185,5956
2021-11-18,1780552.1854762712,4062
2021-11-19,1824752.4176960897,6455
2021-11-20,1847282.580274291,6735
2021-11-21,1952184.170339903,5503
2021-11-22,1897497.703952713,5758
2021-11-23,1754263.0974408523,5132
2021-11-24,1889058.2174803559,6599
2021-11-25,1795891.2534205047,5388
2021-11-26,1735500.5923744258,5700
2021-11-27,1951445.7491159984,6518
2021-11-28,1937973.4426666643,6775
2021-11-29,1926575.621221482,6561
2021-11-30,1968449.1600628349,8537
2021-12-01,1764128.308230552,8016
2021-12-02,2092775.4094461969,5445
2021-12-03,2071636.3472777044,8037
2021-12-04,1923810.149051577,4588
2021-12-05,1805370.590655765,8676
2021-12-06,2037787.1874173244,6993
2021-12-07,1854499.182904942,6608
2021-12-08,1951076.0916073949,8397
2021-12-09,1845899.5854631488,3817
2021-12-10,1839258.488475519,4431
2021-12-11,2014408.3057416016,9874
2021-12-12,1950459.4996026393,8648
2021-12-13,2134201.09872339,6401
2021-12-14,2091995.4916723487,8508
2021-12-15,2033610.8333419191,4924
2021-12-16,2059221.1094114284,5289
2021-12-17,1916792.2430354052,7591
2021-12-18,1856722.8791364303,5004
2021-12-19,1906378.345670993,4436
2021-12-20,2127542.4063020404,7175
2021-12-21,2048336.972546332,9574
2021-12-22,1936742.695212414,8702
2021-12-23,1912262.48637635,9025
2021-12-24,1918834.1865924066,6792
2021-12-25,1958405.8481528342,8637
2021-12-26,2148545.134781639,7768
2021-12-27,1922981.018310003,6840
2021-12-28,2047118.0884870898,9970
2021-12-29,1949142.7676572863,6098
2021-12-30,2095452.3862696139,4830
2021-12-31,1966127.0731622719,6351
2022-01-01,2070603.9793034997,5656
2022-01-02,2242259.1113155517,9213
2022-01-03,2039563.5878750568,9648
2022-01-04,2174499.5884164036,6540
2022-01-05,1955189.2277588255,7430
2022-01-06,2316086.573419833,9801
2022-01-07,1998751.2222232758,4489
2022-01-08,1982429.2849368535,7699
2022-01-09,2026430.1778586786,4673
2022-01-10,2060552.5858874556,6433
2022-01-11,2111028.6353889015,9625
2022-01-12,2169460.539172788,7353
2022-01-13,2143314.304640675,6879
2022-01-14,2173287.321399937,7707
2022-01-15,2251599.6420572978,10984
2022-01-16,2245135.6190904547,6777
2022-01-17,2308837.5790928258,7672
2022-01-18,1997593.1867806811,6852
2022-01-19,2093229.6862242257,5059
2022-01-20,2094986.2756099321,8053
2022-01-21,2331927.578947752,10491
2022-01-22,2250657.012824169,10984
2022-01-23,2259491.8158218986,5397
2022-01-24,2179762.7045048163,7421
2022-01-25,2207999.0563109284,8798
2022-01-26,2245218.402260206,8562
2022-01-27,2334617.520980012,10854
2022-01-28,2144338.1480401484,7484
2022-01-29,2152216.6136515522,8218
2022-01-30,2211714.871634583,6785
2022-01-31,2191322.138212021,7499
2022-02-01,2228722.943786826,7888
2022-02-02,2256759.3208011827,10629
2022-02-03,2295742.2754876697,10872
2022-02-04,2249415.7990518804,10710
2022-02-05,2314535.6502612964,9318
2022-02-06,,9954
2022-02-07,2204343.912131956,9481
2022-02-08,2327690.25253855,8855
2022-02-09,2250255.5825064736,8371
2022-02-10,2228052.084119508,4919
2022-02-11,2291670.9074336346,5202
2022-02-12,2339916.770534095,6024
2022-02-13,2337275.4238863145,5121
2022-02-14,2316281.6385214915,6536
2022-02-15,2235149.2438658713,4939
2022-02-16,2242382.221403311,5851
2022-02-17,2460156.9924676353,11448
2022-02-18,2169305.5431326027,8311
2022-02-19,2397889.947423555,10128
2022-02-20,2070031.670723791,4512
2022-02-21,2313299.6364832073,10426
2022-02-22,2230340.6870684098,10294
2022-02-23,2286293.8560968433,10454
2022-02-24,2168739.408656155,10493
2022-02-25,2316686.273564098,7072
2022-02-26,2139240.011864212,10680
2022-02-27,2383839.666048092,8844
2022-02-28,2377602.4510433367,5941
2022-03-01,2278635.622942179,7807
2022-03-02,2407129.541659177,10281
2022-03-03,2370521.8066501347,10229
2022-03-04,2223537.8937504534,10434
2022-03-05,2379758.7132215006,6200
2022-03-06,2471633.936660449,7431
2022-03-07,2322026.9056259617,5835
2022-03-08,2392184.311551842,11441
2022-03-09,2271358.5781503185,4671
2022-03-10,2414968.3948231684,11209
2022-03-11,2377293.5808409113,8064
2022-03-12,2419050.421392969,7190
2022-03-13,2426174.3793215114,5632
2022-03-14,2441827.3238674668,11853
2022-03-15,2406397.314162506,10823
2022-03-16,2330668.2389426813,7705
2022-03-17,2394525.132738283,5629
2022-03-18,2377668.6167587787,9774
2022-03-19,2167005.7515877336,6015
2022-03-20,2276964.279866811,4872
2022-03-21,2290240.2357129096,8427
2022-03-22,2428550.3993161228,6484
2022-03-23,2431506.884442771,6902
2022-03-24,2387052.975825158,11483
2022-03-25,2464191.677678818,9543
2022-03-26,2489759.091386188,8205
2022-03-27,2373817.855129103,10208
2022-03-28,2335574.1918427213,7223
2022-03-29,2472252.7931247866,7402
2022-03-30,2447150.878780349,11083
2022-03-31,2387659.021876831,5054
2022-04-01,2363622.2090440346,6771
2022-04-02,2350006.710484289,6808
2022-04-03,2362438.1668066415,11408
2022-04-04,2498290.846289338,5468
2022-04-05,2474465.706301694,6146
2022-04-06,2289863.886881666,4633
2022-04-07,2348559.653412523,9958
2022-04-08,2325513.707919179,6225
2022-04-09,2236064.2099925433,6480
2022-04-10,2382439.1560748834,5006
2022-04-11,2327038.219639393,6850
2022-04-12,2380330.8170726015,5907
2022-04-13,2192906.062893017,8477
2022-04-14,2470775.8639332587,7886
2022-04-15,2539966.8917713733,5844
2022-04-16,2390783.393240087,6968
2022-04-17,2441690.5031513283,6107
2022-04-18,2215407.2809615326,5459
2022-04-19,2198439.2959751547,9782
2022-04-20,2421775.4094145754,8637
2022-04-21,2383291.4244729425,7710
2022-04-22,2302411.6845449093,5492
2022-04-23,2336139.5559419584,10937
2022-04-24,2426574.785700346,12117
2022-04-25,2212751.961864756,7043
2022-04-26,2395198.2651435505,11516
2022-04-27,2189939.5399578437,8685
2022-04-28,2394572.3847463843,7149
2022-04-29,2222161.5943760294,9016
2022-04-30,2265326.0200846735,7034
2022-05-01,2400060.852823683,5192
2022-05-02,2105673.406594014,8380
2022-05-03,2521519.015459686,5645
2022-05-04,2242800.509472311,10448
2022-05-05,2276962.3259322722,11079
2022-05-06,2380404.6937596262,11438
2022-05-07,2444919.73637479,5923
2022-05-08,2150058.097216463,8784
2022-05-09,2367491.5567369265,10676
2022-05-10,2260837.3417094112,9864
2022-05-11,2500800.760356842,7137
2022-05-12,2236154.2695425325,10203
2022-05-13,2444260.379480225,6402
2022-05-14,2342262.777289113,7679
2022-05-15,2332183.8436928685,10166
2022-05-16,2201762.229028892,10760
2022-05-17,2347535.4224999542,10140
2022-05-18,2300613.896748559,11296
2022-05-19,2469198.2933568275,12060
2022-05-20,2353921.8273776476,11568
2022-05-21,2279271.0584160006,9020
2022-05-22,2261914.1018917267,6089
2022-05-23,2403130.5885939156,9573
2022-05-24,2207478.2817914924,8553
2022-05-25,2335966.6620813487,5360
2022-05-26,2346047.864519667,11189
2022-05-27,2260370.961061472,9447
2022-05-28,2327131.281153333,7656
2022-05-29,2297101.630499926,7158
2022-05-30,2105815.627037552,9411
2022-05-31,2197267.4062658506,5272
2022-06-01,2085586.7483653447,9592
2022-06-02,2233982.732040017,9192
2022-06-03,2346406.166366638,5503
2022-06-04,2341947.6863647522,7285
2022-06-05,2235542.4101862377,6843
2022-06-06,2314848.2171199303,5409
2022-06-07,2193053.5447512087,5046
2022-06-08,2171371.4162962283,9638
2022-06-09,2092764.7178894007,10079
2022-06-10,2137370.61117561,5964
2022-06-11,2333661.0696805045,9377
2022-06-12,2118387.429439985,5260
2022-06-13,2282224.3331645033,4924
2022-06-14,2084301.2983437818,8862
2022-06-15,2168237.3085302473,8667
2022-06-16,2010641.755950705,6229
2022-06-17,2181655.799659943,6414
2022-06-18,2097773.1997279273,7914
2022-06-19,2083118.6537162352,7613
2022-06-20,2140327.9039745117,4730
2022-06-21,2305242.1134307734,8597
2022-06-22,2129961.4298530756,9706
2022-06-23,2019797.8854346792,9771
2022-06-24,2123475.152414784,5743
2022-06-25,2006634.1816691412,8951
2022-06-26,2281421.372547552,10521
2022-06-27,2108593.5756401247,5664
2022-06-28,2011017.5342296166,6371
2022-06-29,2109564.205540084,10086
2022-06-30,1908216.992964046,6680
2022-07-01,2144229.0367420884,5854
2022-07-02,2218486.335416748,8604
2022-07-03,1977157.4864030783,9130
2022-07-04,2062689.249464352,5795
2022-07-05,2176292.7447055406,6403
2022-07-06,2092578.7520808096,4999
2022-07-07,1902815.5632953332,9171
2022-07-08,2065921.413412164,5443
2022-07-09,2000259.8495019185,9389
2022-07-10,2100846.111494618,9243
2022-07-11,2055010.5591477826,4220
2022-07-12,2175073.5382101815,6621
2022-07-13,1944549.6516240933,6780
2022-07-14,2091665.2331073643,7233
2022-07-15,2072757.2990460712,6747
2022-07-16,2060825.6496354959,9752
2022-07-17,2062321.8885938562,5379
2022-07-18,1975277.6721467604,8079
2022-07-19,1892863.5839877871,5062
2022-07-20,2078985.8344242666,6445
2022-07-21,2036776.3743409822,4758
2022-07-22,1914889.7383642201,6318
2022-07-23,2020882.7693525716,4170
2022-07-24,1932025.6902088493,7097
2022-07-25,1987210.4662820883,5574
2022-07-26,2130183.975183477,10038
2022-07-27,1912924.0928088084,4718
2022-07-28,1854164.2012834395,8568
2022-07-29,1882762.179578769,5449
2022-07-30,1968672.125429797,4180
2022-07-31,1863664.5605123383,8519
2022-08-01,1896983.6916576158,4191
2022-08-02,1955928.2729804984,6843
2022-08-03,1929530.8314972867,4368
2022-08-04,1773919.6714127131,4194
2022-08-05,1793223.739035219,8436
2022-08-06,1948655.9222895238,6825
2022-08-07,1904122.5379926397,6713
2022-08-08,1770115.3315716041,5322
2022-08-09,1927947.6803491982,8782
2022-08-10,1723067.7570780902,4915
2022-08-11,1734729.7522149337,3752
2022-08-12,1628101.81074077,4911
2022-08-13,1787645.329606474,4862
2022-08-14,1933480.0070936258,7066
2022-08-15,1918967.5129397798,6422
2022-08-16,2006264.0978221605,6360
2022-08-17,,4608
2022-08-18,1868505.362156928,6150
2022-08-19,2101243.784681961,7423
2022-08-20,1867135.40937677,8706
2022-08-21,1844834.630460012,7370
2022-08-22,1948842.68839195,6499
2022-08-23,1944850.8311998157,5874
2022-08-24,1900151.8797387676,4727
2022-08-25,1938515.5607856056,4528
2022-08-26,1691046.047098916,7865
2022-08-27,1923729.8996749762,6760
2022-08-28,1732557.5780701276,8511
2022-08-29,1831289.0283168235,6805
2022-08-30,1912566.6141450347,8475
2022-08-31,1827094.310883948,4579
2022-09-01,1725299.907509583,7172
2022-09-02,1936820.1190250283,8237
2022-09-03,3937101.9034755128,12104
2022-09-04,1777680.3902207476,8182
2022-09-05,1950119.4564208614,7779
2022-09-06,1882530.5230091496,5140
2022-09-07,1861003.0453346737,7091
2022-09-08,1991108.2670005686,5772
2022-09-09,1718647.3132623301,8001
2022-09-10,1947993.391633931,5336
2022-09-11,1847511.963581699,6772
2022-09-12,1865216.3416275799,7379
2022-09-13,1649143.964754916,3948
2022-09-14,1814185.9151534988,9017
2022-09-15,1928395.7805393452,5052
2022-09-16,1902823.3322684332,5244
2022-09-17,1850976.0992017298,7461
2022-09-18,1798503.610046108,6300
2022-09-19,1739264.1928142938,3535
2022-09-20,1939414.607292167,7726
2022-09-21,1752008.6776053284,6486
2022-09-22,1783680.9135305055,4909
2022-09-23,1833051.9044518098,4109
2022-09-24,1865616.8419714656,4122
2022-09-25,1649431.872439177,4560
2022-09-26,1543644.994200427,7415
2022-09-27,1963728.1285633226,5170
2022-09-28,1772241.6332786984,8806
2022-09-29,1724144.5055593206,4000
2022-09-30,1649467.891712621,6542
2022-10-01,1821843.2758370277,6997
2022-10-02,1785566.6138897866,8617
2022-10-03,1993344.634413871,9953
2022-10-04,1969783.6409222318,7336
2022-10-05,1637862.0881463601,4286
2022-10-06,1813435.279098452,4691
2022-10-07,1878755.0289852466,5703
2022-10-08,1706529.4152295068,5306
2022-10-09,1995864.9033645857,9061
2022-10-10,1768469.3994170132,5878
2022-10-11,1745581.9530647097,6223
2022-10-12,1532210.5595699335,4045
2022-10-13,1691237.4023017297,4493
2022-10-14,1720552.483890377,8132
2022-10-15,,6218
2022-10-16,1749565.800420617,6238
2022-10-17,1894984.5286853295,4519
2022-10-18,1833293.4424336206,8056
2022-10-19,1916679.4952606305,7435
2022-10-20,1771935.0317948053,4449
2022-10-21,1824480.235914498,6690
2022-10-22,1890686.0478279747,5004
2022-10-23,1952321.3663532808,7482
2022-10-24,2020240.0716453413,8679
2022-10-25,1632813.0880393183,6074
2022-10-26,1748497.007782398,4866
2022-10-27,1942368.5018411407,7738
2022-10-28,1778384.1181290974,8630
2022-10-29,1848922.9761679955,6175
2022-10-30,1798543.061951661,8469
2022-10-31,1861796.7876905722,8950
2022-11-01,1582881.3111185716,7218
2022-11-02,1924479.203191731,7915
2022-11-03,1836025.302099712,7091
2022-11-04,1726059.1511484324,8134
2022-11-05,1708907.8671449937,4254
2022-11-06,1918889.5606112129,8061
2022-11-07,1912447.469473567,7787
2022-11-08,1676065.2540904323,6370
2022-11-09,1923658.082684107,7142
2022-11-10,1789650.6836092554,5483
2022-11-11,1869639.8066623125,7389
2022-11-12,1968584.0063101803,4257
2022-11-13,1893818.6262667256,4724
2022-11-14,1890183.424210333,8738
2022-11-15,1875649.5040416203,3763
2022-11-16,1810025.8061700845,4150
2022-11-17,1892542.331166533,9416
2022-11-18,1884869.1995246636,7495
2022-11-19,2018316.4665855288,7223
2022-11-20,1855939.6202926897,6042
2022-11-21,2083177.313425001,5243
2022-11-22,2020851.205922361,8433
2022-11-23,2066551.8226795325,4313
2022-11-24,2011952.9255338064,9881
2022-11-25,1912601.0564305952,3900
2022-11-26,1859821.801634077,7870
2022-11-27,1894133.0939858116,5384
2022-11-28,1952963.4885946203,5317
2022-11-29,1913220.251093305,5063
2022-11-30,1848598.1712293243,5903
2022-12-01,1706353.9349975847,6029
2022-12-02,2043566.3568507566,9766
2022-12-03,1836938.9728207996,5685
2022-12-04,1914822.903459548,7766
2022-12-05,1910045.3180834455,6934
2022-12-06,1818401.6809227343,5277
2022-12-07,1977134.328017635,4889
2022-12-08,2077452.6889583888,10158
2022-12-09,2050232.7632247922,5025
2022-12-10,2009905.1831511033,7328
2022-12-11,1802950.5645254282,3645
2022-12-12,1859528.626634841,7322
2022-12-13,2012276.4740992317,5562
2022-12-14,2050953.2564678197,9102
2022-12-15,1915609.13812008,7666
2022-12-16,2126008.533201604,10402
2022-12-17,1944051.066586889,5146
2022-12-18,2054746.5484548002,7118
2022-12-19,2095033.1304915517,6620
2022-12-20,1946922.4480555817,4228
2022-12-21,1947433.2386114644,5718
2022-12-22,2186458.5153635344,6353
2022-12-23,1998814.4200498948,8693
2022-12-24,2117741.5280975844,5244
2022-12-25,2021647.1516731195,8811
2022-12-26,2132271.629822653,6976
2022-12-27,2080648.2046930073,6474
2022-12-28,2060559.6852316994,4429
2022-12-29,2115423.1245537493,6153
2022-12-30,2204712.836815864,6013
2022-12-31,1946161.8735338878,4897
